ঢাকা, ঢাকা, প্রধান কার্যালয়, 1001,  ০১৯৩৮৮৭৯২২৩
বাগেরহাট, বাগেরহাট সদর, বাগেরহাট সদর শাখা, 4401,  ০১৯৩৮৮৭৯২২৩
বাগেরহাট, চিতলমারী, চিতলমারী শাখা, 4402,  ০১৯৩৮৮৭৯২২৪
বাগেরহাট, ফকিরহাট, ফকিরহাট শাখা, 4403,  ০১৯৩৮৮৭৯২২৫
বাগেরহাট, কাচুয়া, কাচুয়া শাখা, 4404,  ০১৯৩৮৮৭৯২২৬
বাগেরহাট, মৌলহাট, মৌলবাদ শাখা, 4405,  ০১৯৩৮৮৭৯২২৭
বাগেরহাট, মংলা, মংলা শাখা, 4406,  ০১৯৩৮৮৭৯২২৮
বাগেরহাট, মোরেলগঞ্জ, মোরেলগঞ্জ ব্রাঞ্চ, 4407,  ০১৯৩৮৮৭৯২২৯
বাগেরহাট, রামপাল, রামপাল শাখা, 4408,  ০১৯৩৮৮৭৯২৩০
বাগেরহাট, সারখোলা, শরহখোলা শাখা, 4409,  ০১৯৩৮৮৭৯২৩১
বান্দরবান, আলী কাদাম, আলী কাজম শাখা, 3301,  ০১৯৩৮৮৭৯৫৬৩
বান্দরবান, বান্দরবান সদর, বান্দরবান সদর শাখা, 3302,  ০১৯৩৮৮৭৯৫৬৪
বান্দরবান, লামা, লামা শাখা, 3303,  ০১৯৩৮৮৭৯৫৬৫
বান্দরবান, নাখয়ংছড়ি, নাখয়ংছড়ি শাখা, 3304,  ০১৯৩৮৮৭৯৫৬৬
বান্দরবান, রাওয়ানছড়ি, রাওয়ানছড়ি শাখা, 3305,  ০১৯৩৮৮৭৯৫৬৭
বান্দরবান, রুমা, রুমা শাখা, 3306,  ০১৯৩৮৮৭৯৫৬৮
বান্দরবান, থানচি, থানচি শাখা, 3307,  ০১৯৩৮৮৭৯৫৬৯
বরগুনা, আমতলী, আমতলী শাখা, 2701,  ০১৯৩৮৮৭৯২৭৩
বরগুনা, বামনা, বামনা শাখা, 2702,  ০১৯৩৮৮৭৯২৭৪
বরগুনা, বরগুনা সদর, বরগুনা সদর শাখা, 2703,  ০১৯৩৮৮৭৯২৭৫
বরগুনা, বেতাগী, বেতাগী শাখা, 2704,  ০১৯৩৮৮৭৯২৭৬
বরগুনা, পাথরঘাটা, পাথরঘাটা শাখা, 2705,  ০১৯৩৮৮৭৯২৭৭
বরগুনা, তালতলী, তলতলী শাখা, 2706,  ০১৯৩৮৮৭৯৫৮০
বরিশাল, আগৈলঝাড়, আগৈলঝাড়া শাখা, 2801,  ০১৯৩৮৮৭৯২৪৬
বরিশাল, বাবুগঞ্জ, বাবুগঞ্জ শাখা, 2802,  ০১৯৩৮৮৭৯২৪৭
বরিশাল, বাকেরগঞ্জ, বাকেরগঞ্জ শাখা, 2803,  ০১৯৩৮৮৭৯২৪৮
বরিশাল, বনরীপাড়া, বনরীপাড়া শাখা, 2804,  ০১৯৩৮৮৭৯২৪৯
বরিশাল, বরিশাল সদর, বরিশাল সদর শাখা, 2805,  ০১৯৩৮৮৭৯২৫০
বরিশাল, গোনানাদি, গৌরনদী শাখা, 2506,  ০১৯৩৮৮৭৯২৫১
বরিশাল, হিজলা, হিজলা শাখা, 2807,  ০১৯৩৮৮৭৯২৫২
বরিশাল, মেহেদীগঞ্জ, মেহেদীগঞ্জ শাখা, 2808,  ০১৯৩৮৮৭৯২৫৩
বরিশাল, মুলাদী, মুলাদী শাখা, 2809,  ০১৯৩৮৮৭৯২৫৪
বরিশাল, ওয়াজিরাপুর, ওয়াজিরিপুর শাখা, 2810,  ০১৯৩৮৮৭৯২৫৫
ভোলা, ভোলা সদর, ভোলা সদর শাখা, 2901,  ০১৯৩৮৮৭৯২৫৭
ভোলা, বোরহানউদ্দীন, বোরহানউদ্দীন শাখা, 2902,  ০১৯৩৮৮৭৯২৫৮
ভোলা, চারফেশন, চারফেশন শাখা, 2903,  ০১৯৩৮৮৭৯২৫৯
ভোলা, দৌলতখান, দৌলতখান শাখা, 2904,  ০১৯৩৮৮৭৯২৬০
ভোলা, লালমোহন, লালমোহন শাখা, 2905,  ০১৯৩৮৮৭৯২৬১
ভোলা, মনপুরা, মনপুরা শাখা, 2906,  ০১৯৩৮৮৭৯২৬২
ভোলা, তাজুমউদ্দিন, তাজুমউদ্দীন শাখা, 2907,  ০১৯৩৮৮৭৯২৬৩
বগুড়া, আদমদীঘি, আদমদীঘি শাখা, 5401,  ০১৯৩৮৮৭৯০৯৬
বগুড়া, বগুড়া সদর, বগুড়া সদর শাখা, 5402,  ০১৯৩৮৮৭৯০৯৭
বগুড়া, ধুবচঞ্চিয়া, ধুবচঞ্চিয়া শাখা, 5403,  ০১৯৩৮৮৭৯০৯৯
বগুড়া, ধুনট, ধুনট শাখা, 5404,  ০১৯৩৮৮৭৯০৯৮
বগুড়া, গাবতলী, গাবতলী শাখা, 5405,  ০১৯৩৮৮৭৯১০০
বগুড়া, কাহালু, কাহালু শাখা, 5406,  ০১৯৩৮৮৭৯১০১
বগুড়া, নন্দীগ্রাম, নন্দীগ্রাম শাখা, 5407,  ০১৯৩৮৮৭৯১০২
বগুড়া, সারিয়াকান্দি, সারিয়াকান্দি শাখা, 5408,  ০১৯৩৮৮৭৯১০৩
বগুড়া, শাজাহানপুর, শাজাহানপুর শাখা, 5409,  ০১৯৩৮৮৭৯১০৭
বগুড়া, শেরপুর, শেরপুর শাখা, 5410,  ০১৯৩৮৮৭৯১০৪
বগুড়া, শিবগঞ্জ, শিবগঞ্জ শাখা, 5411,  ০১৯৩৮৮৭৯১০৫
বগুড়া, সোনাতলা, সোনাতলা শাখা, 5412,  ০১৯৩৮৮৭৯১০৬
ব্রাহ্মণবাড়িয়া, আখাউড়া, আখাউড়া শাখা, 3401,  ০১৯৩৮৮৭৯৪৬০
ব্রাহ্মণবাড়িয়া, আশুগঞ্জ, আশুগঞ্জ শাখা, 3402,  ০১৯৩৮৮৭৯৪৬১
ব্রাহ্মণবাড়িয়া, বঞ্চরামপুর, বঞ্চরামপুর শাখা, 3403,  ০১৯৩৮৮৭৯৪৬২
ব্রাহ্মণবাড়িয়া, বিজয় নগর, বিজয় নগর শাখা, 3404,  ০১৯৩৮৮৭৯৪৬৮
ব্রাহ্মণবাড়িয়া, ব্রাহ্মণবাড়িয়া সদর, ব্রাহ্মণবাড়িয়া সদর শাখা, 3405,  ০১৯৩৮৮৭৯৪৬৩
ব্রাহ্মণবাড়িয়া, কাশবা, কাশবা শাখা, 3406,  ০১৯৩৮৮৭৯৪৬৪
ব্রাহ্মণবাড়িয়া, নবীনগর, নবীনগর শাখা, 3407,  ০১৯৩৮৮৭৯৪৬৫
ব্রাহ্মণবাড়িয়া, নাসিরনগর, নাসিরনগর শাখা, 3408,  ০১৯৩৮৮৭৯৪৬৬
ব্রাহ্মণবাড়িয়া, সরাইল, সরাইল শাখা, 3409,  ০১৯৩৮৮৭৯৪৬৭
চাঁদপুর, চাঁদপুর সদর, চাঁদপুর সদর শাখা, 3501,  ০১৯৩৮৮৭৯৪৮৭
চাঁদপুর, ফরিদগঞ্জ, ফরিদগঞ্জ শাখা, 3502,  ০১৯৩৮৮৭৯৪৮৮
চাঁদপুর, হিমচর, হিমচর শাখা, 3503,  ০১৯৩৮৮৭৯৪৮৯
চাঁদপুর, হাজীগঞ্জ, হাজীগঞ্জ শাখা, 3504,  ০১৯৩৮৮৭৯৪৯০
চাঁদপুর, কাচুয়া, কচুয়া শাখা, 3508,  ০১৯৩৮৮৭৯৪৯১
চাঁদপুর, মাতলাব (উত্তর), মাতলব (উত্তর) শাখা, 3505,  ০১৯৩৮৮৭৯৪৯৩
চাঁদপুর, মাতলব (দক্ষিণ), মাতলব (দক্ষিণ) শাখা, 3506,  ০১৯৩৮৮৭৯৪৯২
চাঁদপুর, শাহরাস্তি, শাহরাস্তি শাখা, 3507,  ০১৯৩৮৮৭৯৪৯৪
চপাই নবাবগঞ্জ, ভোলাহাট, ভোলাহাট শাখা, 5501,  ০১৯৩৮৮৭৯১২৮
চপাই নবাবগঞ্জ, গোমস্তাপুর, গমস্তাপুর শাখা, 5502,  ০১৯৩৮৮৭৯১২৯
চপাই নবাবগঞ্জ, নাচোল, নাচোল শাখা, 5503,  ০১৯৩৮৮৭৯১৩০
চপাই নবাবগঞ্জ, নবাবগঞ্জ সদর, নবাবগঞ্জ সদর শাখা, 5504,  ০১৯৩৮৮৭৯১৩১
চপাই নবাবগঞ্জ, শিপগঞ্জ, শিপগঞ্জ শাখা, 5505,  ০১৯৩৮৮৭৯১৩২
চট্টগ্রাম, আনোয়ারা, আনোয়ার শাখা, 3601,  ০১৯৩৮৮৭৯৫১৯
চট্টগ্রাম, বাঁশখালী, বাঁশখালী শাখা, 3602,  ০১৯৩৮৮৭৯৫২০
চট্টগ্রাম, বোয়ালখালী, বোয়ালখালী শাখা, 3603,  ০১৯৩৮৮৭৯৫২১
চট্টগ্রাম, চন্দনাইশ, চন্দনাইশ শাখা, 3604,  ০১৯৩৮৮৭৯৫২২
চট্টগ্রাম, ফটিকছড়ি, ফটিকছড়ি শাখা, 3605,  ০১৯৩৮৮৭৯৫২৩
চট্টগ্রাম, হাটহাজারী, হাটহাজারী শাখা, 3606,  ০১৯৩৮৮৭৯৫২৪
চট্টগ্রাম, লোহাগড়া, লোহাগড়া শাখা, 3614,  ০১৯৩৮৮৭৯৫২৫
চট্টগ্রাম, মিরসরাই, মিরসরাই শাখা, 3607,  ০১৯৩৮৮৭৯৫২৬
চট্টগ্রাম, পাটিয়া, পাটিয়া শাখা, 3608,  ০১৯৩৮৮৭৯৫২৭
চট্টগ্রাম, রাঙ্গুনিয়া, রাঙ্গুনিয়া শাখা, 3609,  ০১৯৩৮৮৭৯৫২৮
চট্টগ্রাম, রাউজান, রোজান শাখা, 3610,  ০১৯৩৮৮৭৯৫২৯
চট্টগ্রাম, সন্দ্বীপ, সন্দ্বীপ শাখা, 3611,  ০১৯৩৮৮৭৯৫৩০
চট্টগ্রাম, সাতকানিয়া, সাতকানিয়া শাখা, 3612,  ০১৯৩৮৮৭৯৫৩১
চট্টগ্রাম, সীতাকুন্ডু, সীতাকুন্ডু শাখা, 3613,  ০১৯৩৮৮৭৯৫৩২
চুয়াডাঙ্গা, আলমডাঙ্গা, আলমদঙ্গা শাখা, 4501,  ০১৯৩৮৮৭৯১৭৫
চুয়াডাঙ্গা, চুয়াডাঙ্গা সদর, চুয়াডাঙ্গা সদর শাখা, 4502,  ০১৯৩৮৮৭৯১৭৬
চুয়াডাঙ্গা, দামুরহুদা, দামুরহুদা শাখা, 4503,  ০১৯৩৮৮৭৯১৭৭
চুয়াডাঙ্গা, জীবননগর, জীবননগর শাখা, 4504,  ০১৯৩৮৮৭৯১৭৮
কুমিল্লা, বারুড়া, বড়ড়া শাখা, 3701,  ০১৯৩৮৮৭৯৪৭০
কুমিল্লা, ব্রহ্মপাড়া, ব্রাহ্মণপাড়া শাখা, 3702,  ০১৯৩৮৮৭৯৪৭১
কুমিল্লা, বুরিচং, বুরিচং শাখা, 3703,  ০১৯৩৮৮৭৯৪৭২
কুমিল্লা, চন্দনা, চন্দনা শাখা, 3704,  ০১৯৩৮৮৭৯৪৭৩
কুমিল্লা, চৌদদ্দগ্রাম, চৌদাদগ্রাম শাখা, 3705,  ০১৯৩৮৮৭৯৪৭৪
কুমিল্লা, কুমিল্লা সদর, কুমিল্লা সদর শাখা, 3706,  ০১৯৩৮৮৭৯৪৭৫
কুমিল্লা, কুমিল্লা সদর দক্ষিণ, কুমিল্লা সদর সাউথ ব্রাঞ্চ, 3707,  ০১৯৩৮৮৭৯৪৮৫
কুমিল্লা, দাউদকান্দি, দাউদকান্দি শাখা, 3708,  ০১৯৩৮৮৭৯৪৭৬
কুমিল্লা, দেবীডুয়ার, দেবীদুয়ার শাখা, 3709,  ০১৯৩৮৮৭৯৪৭৭
কুমিল্লা, হোমনা, হোমনা শাখা, 3710,  ০১৯৩৮৮৭৯৪৭৮
কুমিল্লা, লক্ষ্মম, লক্ষ্মম শাখা, 3711,  ০১৯৩৮৮৭৯৪৭৯
কুমিল্লা, মেঘনা, মেঘনা শাখা, 3712,  ০১৯৩৮৮৭৯৪৮০
কুমিল্লা, মনোহরগঞ্জ, মনোহরগঞ্জ শাখা, 3713,  ০১৯৩৮৮৭৯৪৮৪
কুমিল্লা, মুরাদনগর, মুরাদনগর শাখা, 3714,  ০১৯৩৮৮৭৯৪৮১
কুমিল্লা, নংলকোট, নংকোলট শাখা, 3715,  ০১৯৩৮৮৭৯৪৮২
কুমিল্লা, তিতাস, তিতাস শাখা, 3716,  ০১৯৩৮৮৭৯৪৮৩
কক্সবাজার, চকোরিয়া, চকোরিয়া শাখা, 3808,  ০১৯৩৮৮৭৯৫৩৪
কক্সবাজার, কক্সবাজার সদর, কক্সবাজার সদর শাখা, 3801,  ০১৯৩৮৮৭৯৫৩৫
কক্সবাজার, কুতুবদিয়া, কুতুবদিয়া শাখা, 3802,  ০১৯৩৮৮৭৯৫৩৬
কক্সবাজার, মহেশখালী, মহেশখালী শাখা, 3803,  ০১৯৩৮৮৭৯৫৩৭
কক্সবাজার, পেকুয়া, পেকুয়া শাখা, 3804,  ০১৯৩৮৮৭৯৫৩৮
কক্সবাজার, রামু, রামু শাখা, 3805,  ০১৯৩৮৮৭৯৫৩৯
কক্সবাজার, টেকনাফ, টেকনাফ শাখা, 3806,  ০১৯৩৮৮৭৯৫৪০
কক্সবাজার, উখিয়া, উখিয়া শাখা, 3807,  ০১৯৩৮৮৭৯৫৪১
ঢাকা, ধামরাই, ধামরাই শাখা, 1002,  ০১৯৩৮৮৭৯৩৫২
ঢাকা, দোহার, দোহার শাখা, 1003,  ০১৯৩৮৮৭৯৩৫৩
ঢাকা, কেরানীগঞ্জ, কেরানীগঞ্জ শাখা, 1004,  ০১৯৩৮৮৭৯৩৫৪
ঢাকা, নবাবগঞ্জ, নবাবগঞ্জ শাখা, 1006,  ০১৯৩৮৮৭৯৩৫৫
ঢাকা, সাভার, সাভার শাখা, 1005,  ০১৯৩৮৮৭৯৩৫৬
দিনাজপুর, বিরামপুর, বিরামপুর শাখা, 6201,  ০১৯৩৮৮৭৯০৩৬
দিনাজপুর, বীরগঞ্জ, বীরগঞ্জ শাখা, 6202,  ০১৯৩৮৮৭৯০৩৭
দিনাজপুর, বীরোল, বীরোল শাখা, 6203,  ০১৯৩৮৮৭৯০৩৮
দিনাজপুর, বোচাগঞ্জ, বোচাগঞ্জ শাখা, 6204,  ০১৯৩৮৮৭৯০৩৯
দিনাজপুর, চিরীরবন্দর, চিরীরবন্দর শাখা, 6205,  ০১৯৩৮৮৭৯০৪০
দিনাজপুর, দিনাজপুর সদর, দিনাজপুর সদর শাখা, 6206,  ০১৯৩৮৮৭৯০৪১
দিনাজপুর, ঘোরাঘাট, ঘোরাঘাট শাখা, 6207,  ০১৯৩৮৮৭৯০৪৩
দিনাজপুর, হাকিমপুর, হাকিমপুর শাখা, 6208,  ০১৯৩৮৮৭৯০৪৪
দিনাজপুর, কাহারোল, কাহারোল শাখা, 6209,  ০১৯৩৮৮৭৯০৪৫
দিনাজপুর, খাঁসামা, খানহামা শাখা, 6210,  ০১৯৩৮৮৭৯০৪৬
দিনাজপুর, নবাবগঞ্জ, নবাবগঞ্জ শাখা, 6211,  ০১৯৩৮৮৭৯০৪৭
দিনাজপুর, পার্বতীপুর, পার্বতীপুর শাখা, 6212,  ০১৯৩৮৮৭৯০৪৮
দিনাজপুর, ফুলবাড়ী, ফুলবাড়ী শাখা, 6213,  ০১৯৩৮৮৭৯০৪২
ফরিদপুর, আলফাদাঙ্গা, আলফাদাঙ্গা শাখা, 1101,  ০১৯৩৮৮৭৯৩৮৪
ফরিদপুর, ভাঙ্গা, ভাঙ্গা শাখা, 1102,  ০১৯৩৮৮৭৯৩৮৫
ফরিদপুর, বোয়ালমারী, বোয়ালমারী শাখা, 1103,  ০১৯৩৮৮৭৯৩৮৬
ফরিদপুর, চার ভদ্রসন, চার ভদ্রসন শাখা, 1104,  ০১৯৩৮৮৭৯৩৮৭
ফরিদপুর, ফরিদপুর সদর, ফরিদপুর সদর শাখা, 1105,  ০১৯৩৮৮৭৯৩৮৮
ফরিদপুর, মধুখালী, মধুখালী শাখা, 1106,  ০১৯৩৮৮৭৯৩৮৯
ফরিদপুর, নাগার্কন্দ, নাগার্কান্দা শাখা, 1107,  ০১৯৩৮৮৭৯৩৯০
ফরিদপুর, সদরপুর, সদরপুর শাখা, 1108,  ০১৯৩৮৮৭৯৩৯১
ফরিদপুর, সালথা, সালথা শাখা, 1109,  ০১৯৩৮৮৭৯৩৯২
ফেনী, চাগলনাইয়া, চাগলনাইয়া শাখা, 3901,  ০১৯৩৮৮৭৯৫১২
ফেনী, দাগনভূইয়া, দাগনভূইয়ান শাখা, 3902,  ০১৯৩৮৮৭৯৫১৩
ফেনী, ফেনী সদর, ফেনী সদর শাখা, 3903,  ০১৯৩৮৮৭৯৫১৪
ফেনী, ফুলগাজী, ফুলগাজী শাখা, 3904,  ০১৯৩৮৮৭৯৫১৬
ফেনী, পারশুরম, পারশুরম শাখা, 3905,  ০১৯৩৮৮৭৯৫১৫
ফেনী, সোনাগাজী, সোনাগাজী শাখা, 3906,  ০১৯৩৮৮৭৯৫১৭
গাইবান্ধা, ফুলছড়ি, ফুলছড়ি শাখা, 6301,  ০১৯৩৮৮৭৯০৮২
গাইবান্ধা, গাইবান্ধা সদর, গাইবান্ধা সদর শাখা, 6302,  ০১৯৩৮৮৭৯০৮৩
গাইবান্ধা, গোবিন্দগঞ্জ, গোবিন্দগঞ্জ শাখা, 6303,  ০১৯৩৮৮৭৯০৮৪
গাইবান্ধা, পলাশবাড়ী, পলাশবাড়ি শাখা, 6304,  ০১৯৩৮৮৭৯০৮৫
গাইবান্ধা, সাদুলপুর, সাদুলপুর শাখা, 6305,  ০১৯৩৮৮৭৯০৮৬
গাইবান্ধা, শঘাট্টা, শঘাট্টা শাখা, 6306,  ০১৯৩৮৮৭৯০৮৭
গাইবান্ধা, সুন্দরগঞ্জ, সুন্দরগঞ্জ শাখা, 6307,  ০১৯৩৮৮৭৯০৮৮
গাজীপুর, গাজীপুর সদর, গাজীপুর সদর শাখা, 1201,  ০১৯৩৮৮৭৯৩৫৮
গাজীপুর, কালিয়াকৈর, কালিয়াকৈর শাখা, 1202,  ০১৯৩৮৮৭৯৩৫৯
গাজীপুর, কালীগঞ্জ, কালীগঞ্জ শাখা, 1204,  ০১৯৩৮৮৭৯৩৬০
গাজীপুর, কাপাসিয়া, কাপাসিয়া শাখা, 1203,  ০১৯৩৮৮৭৯৩৬১
গাজীপুর, শ্রীপুর, শ্রীপুর শাখা, 1205,  ০১৯৩৮৮৭৯৩৬২
গোপালগঞ্জ, গোপালগঞ্জ সদর, গোপালগঞ্জ সদর শাখা, 1301,  ০১৯৩৮৮৭৯৪০০
গোপালগঞ্জ, কাসিয়ানী, কাসিয়ানী শাখা, 1302,  ০১৯৩৮৮৭৯৪০১
গোপালগঞ্জ, কোটালিপাড়া, কোটালিপাড়া শাখা, 1303,  ০১৯৩৮৮৭৯৪০২
গোপালগঞ্জ, মাকসুদপুর, মাকসুদপুর শাখা, 1304,  ০১৯৩৮৮৭৯৪০৩
গোপালগঞ্জ, তুঙ্গিপাড়া, তুঙ্গিপাড়া শাখা, 1305,  ০১৯৩৮৮৭৯৪০৪
হবিগঞ্জ, আজমীগঞ্জ, আজমীরগঞ্জ শাখা, 7001,  ০১৯৩৮৮৭৯৪৫১
হবিগঞ্জ, বাহুবাল, বাহুবাল শাখা, 7002,  ০১৯৩৮৮৭৯৪৫২
হবিগঞ্জ, বয়ানিয়াchang, বয়ানিয়াchang শাখা, 7003,  ০১৯৩৮৮৭৯৪৫৩
হবিগঞ্জ, চুনরুঘাট, চুনরুঘাট শাখা, 7004,  ০১৯৩৮৮৭৯৪৫৪
হবিগঞ্জ, হবিগঞ্জ সদর, হবিগঞ্জ সদর শাখা, 7005,  ০১৯৩৮৮৭৯৪৫৫
হবিগঞ্জ, লাখাই, লাখাই শাখা, 7006,  ০১৯৩৮৮৭৯৪৫৬
হবিগঞ্জ, মাধবপুর, মাধবপুর শাখা, 7007,  ০১৯৩৮৮৭৯৪৫৭
হবিগঞ্জ, নাবিগঞ্জ, নাবিগঞ্জ শাখা, 7008,  ০১৯৩৮৮৭৯৪৫৮
জামালপুর, বকশীগঞ্জ, বকশীগঞ্জ শাখা, 1401,  ০১৯৩৮৮৭৯৩০৯
জামালপুর, দেওয়ানগঞ্জ, দেওয়ানগঞ্জ শাখা, 1402,  ০১৯৩৮৮৭৯৩১০
জামালপুর, ইসলামপুর, ইসলামপুর শাখা, 1403,  ০১৯৩৮৮৭৯৩১১
জামালপুর, জামালপুর সদর, জামালপুর সদর শাখা, 1404,  ০১৯৩৮৮৭৯৩১২
জামালপুর, মাদারগঞ্জ, মাদারগঞ্জ শাখা, 1405,  ০১৯৩৮৮৭৯৩১৩
জামালপুর, মেলান্দাহ, মেলান্দাহ শাখা, 1406,  ০১৯৩৮৮৭৯৩১৪
জামালপুর, শরিশবাড়ী, শরিশবাড়ী শাখা, 1407,  ০১৯৩৮৮৭৯৩১৫
যশোর, অভয়নগর, অভয়নগর শাখা, 4601,  ০১৯৩৮৮৭৯১৯৬
যশোর, বাঘেরপাড়া, বাঘেরপাড়া শাখা, 4602,  ০১৯৩৮৮৭৯১৯৭
যশোর, চৌগাছা, চৌগাছা শাখা, 4603,  ০১৯৩৮৮৭৯১৯৮
যশোর, যশোর সদর, যশোর সদর শাখা, 4604,  ০১৯৩৮৮৭৯১৯৯
যশোর, ঝিকারগাছা, ঝিকরগাছা শাখা, 4605,  ০১৯৩৮৮৭৯২০০
যশোর, কেশবপুর, কেশবপুর শাখা, 4606,  ০১৯৩৮৮৭৯২০১
যশোর, মনিরামপুর, মনিরামপুর শাখা, 4607,  ০১৯৩৮৮৭৯২০২
যশোর, শর্শা, শর্শা শাখা, 4608,  ০১৯৩৮৮৭৯২০৩
ঝালকাঠি, ঝালকাঠি সদর, ঝালকাঠি সদর শাখা, 3001,  ০১৯৩৮৮৭৯২৪১
ঝালকাঠি, কাঠালিয়া, কাঠালিয়া শাখা, 3002,  ০১৯৩৮৮৭৯২৪২
ঝালকাঠি, নলচিতি, নলচটি শাখা, 3003,  ০১৯৩৮৮৭৯২৪৩
ঝালকাঠি, রাজাপুর, রাজাপুর শাখা, 3004,  ০১৯৩৮৮৭৯২৪৪
ঝিনাইদহ, হরিনাকুন্ডা, হারিনকুন্ডা শাখা, 4701,  ০১৯৩৮৮৭৯১৮১
ঝিনাইদহ, ঝিনাইদহ সদর, ঝিনাইদহ সদর শাখা, 4702,  ০১৯৩৮৮৭৯১৮২
ঝিনাইদহ, কালীগঞ্জ, কালীগঞ্জ শাখা, 4706,  ০১৯৩৮৮৭৯১৮৩
ঝিনাইদহ, কোটচাঁদপুর, কোটচাঁদপুর শাখা, 4703,  ০১৯৩৮৮৭৯১৮০
ঝিনাইদহ, মহেশপুর, মহেশপুর শাখা, 4704,  ০১৯৩৮৮৭৯১৮৪
ঝিনাইদহ, শেলকুপা, শেলকুপা শাখা, 4705,  ০১৯৩৮৮৭৯১৮৫
জয়পুরহাট, আককেলপুর, আককেলপুর শাখা, 5601,  ০১৯৩৮৮৭৯০৯০
জয়পুরহাট, জয়পুরহাট সদর, জয়পুরহাট সদর শাখা, 5602,  ০১৯৩৮৮৭৯০৯১
জয়পুরহাট, কালাই, কালাই শাখা, 5603,  ০১৯৩৮৮৭৯০৯২
জয়পুরহাট, ক্ষেতলাল, ক্ষেতলাল শাখা, 5604,  ০১৯৩৮৮৭৯০৯৩
জয়পুরহাট, পাঁচবিবি, পাঁচবিবি শাখা, 5605,  ০১৯৩৮৮৭৯০৯৪
খাগড়াছড়ি, দিঘিনালা, দিঘিনালা শাখা, 4001,  ০১৯৩৮৮৭৯৫৪৩
খাগড়াছড়ি, খাগড়াছড়ি সদর, খাগড়াছড়ি সদর শাখা, 4002,  ০১৯৩৮৮৭৯৫৪৪
খাগড়াছড়ি, লক্ষ্মীছড়ি, লক্ষ্মীছড়ি শাখা, 4003,  ০১৯৩৮৮৭৯৫৪৫
খাগড়াছড়ি, মানিকছড়ি, মানিকছড়ি শাখা, 4004,  ০১৯৩৮৮৭৯৫৪৭
খাগড়াছড়ি, মতিরাঙ্গা, মতিরাঙ্গা শাখা, 4005,  ০১৯৩৮৮৭৯৫৪৮
খাগড়াছড়ি, মহলছড়ি, মহল্লারী শাখা, 4006,  ০১৯৩৮৮৭৯৫৪৬
খাগড়াছড়ি, পাঁচারী, পাঁচারী শাখা, 4007,  ০১৯৩৮৮৭৯৫৪৯
খাগড়াছড়ি, রামগড়, রামগড় শাখা, 4008,  ০১৯৩৮৮৭৯৫৫০
খুলনা, বটিঘাটা, বটিঘাটা শাখা, 4801,  ০১৯৩৮৮৭৯২১৩
খুলনা, ডকোপ, ডকোপ শাখা, 4802,  ০১৯৩৮৮৭৯২১৪
খুলনা, দিঘালিয়া, দিঘালিয়া শাখা, 4803,  ০১৯৩৮৮৭৯২১৫
খুলনা, দুমুরিয়া, দুমুরিয়া শাখা, 4804,  ০১৯৩৮৮৭৯২১৬
খুলনা, কৈরা, কৈরা ব্রাঞ্চ, 4805,  ০১৯৩৮৮৭৯২১৮
খুলনা, পাইকগাছা, পাইকগাছা শাখা, 4806,  ০১৯৩৮৮৭৯২১৯
খুলনা, ফুলতলা, ফুলতলা শাখা, 4807,  ০১৯৩৮৮৭৯২১৭
খুলনা, রূপসা, রূপসা শাখা, 4808,  ০১৯৩৮৮৭৯২২০
খুলনা, তরোখাদা, তরোখাদা শাখা, 4809,  ০১৯৩৮৮৭৯২২১
কিশোরগঞ্জ, অস্টোগ্রাম, অস্টোগ্রাম শাখা, 1501,  ০১৯৩৮৮৭৯৩৩০
কিশোরগঞ্জ, বাজিতপুর, বাজিতপুর শাখা, 1502,  ০১৯৩৮৮৭৯৩৩১
কিশোরগঞ্জ, ভৈরব, ভৈরব শাখা, 1503,  ০১৯৩৮৮৭৯৩৩২
কিশোরগঞ্জ, হোসেনপুর, হোসেনপুর শাখা, 1504,  ০১৯৩৮৮৭৯৩৩৩
কিশোরগঞ্জ, ইটনা, ইটনা শাখা, 1505,  ০১৯৩৮৮৭৯৩৩৪
কিশোরগঞ্জ, করিমগঞ্জ, করিমগঞ্জ শাখা, 1506,  ০১৯৩৮৮৭৯৩৩৫
কিশোরগঞ্জ, কাটিয়া, কাটিয়া শাখা, 1507,  ০১৯৩৮৮৭৯৩৩৬
কিশোরগঞ্জ, কিশোরগঞ্জ সদর, কিশোরগঞ্জ সদর শাখা, 1508,  ০১৯৩৮৮৭৯৩৩৭
কিশোরগঞ্জ, কুলিয়ারচর, কুলিয়ারচর শাখা, 1509,  ০১৯৩৮৮৭৯৩৩৮
কিশোরগঞ্জ, মিঠামাইন, মিঠামাইন শাখা, 1510,  ০১৯৩৮৮৭৯৩৩৯
কিশোরগঞ্জ, নিকলি, নিকলি শাখা, 1511,  ০১৯৩৮৮৭৯৩৪০
কিশোরগঞ্জ, পাকুন্দিয়া, পাকুন্ডিয়া শাখা, 1512,  ০১৯৩৮৮৭৯৩৪১
কিশোরগঞ্জ, তারাইল, তারাইল শাখা, 1513,  ০১৯৩৮৮৭৯৩৪২
কুড়িগ্রাম, ভুরুঙ্গামারী, ভুরুঙ্গামারী শাখা, 6401,  ০১৯৩৮৮৭৯০৭২
কুড়িগ্রাম, চিলমারী, চিলমারী শাখা, 6402,  ০১৯৩৮৮৭৯০৭৩
কুড়িগ্রাম, ফুলবাড়ী, ফুলবাড়ী শাখা, 6403,  ০১৯৩৮৮৭৯০৭৪
কুড়িগ্রাম, কুড়িগ্রাম সদর, কুড়িগ্রাম সদর শাখা, 6404,  ০১৯৩৮৮৭৯০৭৫
কুড়িগ্রাম, নাগেশ্বরী, নাগেশ্বরী শাখা, 6405,  ০১৯৩৮৮৭৯০৭৬
কুড়িগ্রাম, রাজরহাট, রাজরহাট শাখা, 6406,  ০১৯৩৮৮৭৯০৭৭
কুড়িগ্রাম, রাজীবপুর, রাজীবপুর শাখা, 6407,  ০১৯৩৮৮৭৯০৭৮
কুড়িগ্রাম, রোমারী, রোমারী শাখা, 6408,  ০১৯৩৮৮৭৯০৭৯
কুড়িগ্রাম, উলিপুর, উলিপুর শাখা, 6409,  ০১৯৩৮৮৭৯০৮০
কুষ্টিয়া, ভেড়ামারা, ভেড়ামারা শাখা, 4901,  ০১৯৩৮৮৭৯১৬৪
কুষ্টিয়া, দৌলতপুর, দৌলতপুর শাখা, 4902,  ০১৯৩৮৮৭৯১৬৫
কুষ্টিয়া, খোকা, খোশা শাখা, 4903,  ০১৯৩৮৮৭৯১৬৬
কুষ্টিয়া, কুমারখালী, কুমারখালী শাখা, 4904,  ০১৯৩৮৮৭৯১৬৭
কুষ্টিয়া, কুষ্টিয়া সদর, কুষ্টিয়া সদর শাখা, 4905,  ০১৯৩৮৮৭৯১৬৮
কুষ্টিয়া, মিরপুর, মিরপুর শাখা, 4906,  ০১৯৩৮৮৭৯১৬৯
লক্ষ্মীপুর, কামালনগর, কামালনগর শাখা, 4101,  ০১৯৩৮৮৭৯৫০০
লক্ষ্মীপুর, লক্ষ্মীপুর সদর, লক্ষ্মীপুর সদর শাখা, 4102,  ০১৯৩৮৮৭৯৪৯৬
লক্ষ্মীপুর, রায়পুর, রায়পুর শাখা, 4103,  ০১৯৩৮৮৭৯৪৯৯
লক্ষ্মীপুর, রামগঞ্জ, রামগঞ্জ শাখা, 4104,  ০১৯৩৮৮৭৯৪৯৮
লক্ষ্মীপুর, রামগতি, রামগতি শাখা, 4105,  ০১৯৩৮৮৭৯৪৯৭
লালমনিরহাট, আদিতমারী, আদিতমারী শাখা, 6501,  ০১৯৩৮৮৭৯০৬০
লালমনিরহাট, হাতীবান্ধা, হাতীবান্ধা শাখা, 6502,  ০১৯৩৮৮৭৯০৫৮
লালমনিরহাট, কালীগঞ্জ, কালীগঞ্জ শাখা, 6503,  ০১৯৩৮৮৭৯০৫৭
লালমনিরহাট, লালমনিরহাট সদর, লালমনিরহাট সদর শাখা, 6504,  ০১৯৩৮৮৭৯০৬১
লালমনিরহাট, পাটগ্রাম, পাটগ্রাম শাখা, 6505,  ০১৯৩৮৮৭৯০৫৯
মাদারীপুর, কলকিনি, কলকিনি শাখা, 1601,  ০১৯৩৮৮৭৯৪০৬
মাদারীপুর, মাদারীপুর সদর, মাদারীপুর সদর শাখা, 1602,  ০১৯৩৮৮৭৯৪০৭
মাদারীপুর, রাজৈর, রাজৈর শাখা, 1603,  ০১৯৩৮৮৭৯৪০৮
মাদারীপুর, শিবাচার, শিবচর শাখা, 1604,  ০১৯৩৮৮৭৯৪০৯
মাগুরা, মাগুরা সদর, মাগুরা সদর শাখা, 5001,  ০১৯৩৮৮৭৯১৮৭
মাগুরা, মোহাম্মদপুর, মোহাম্মদপুর শাখা, 5002,  ০১৯৩৮৮৭৯১৮৮
মাগুরা, শালীখা, শালীখা শাখা, 5003,  ০১৯৩৮৮৭৯১৮৯
মাগুরা, শ্রীপুর, শ্রীপুর শাখা, 5004,  ০১৯৩৮৮৭৯১৯০
মানিকগঞ্জ, দৌলতপুর, দৌলতপুর শাখা, 1707,  ০১৯৩৮৮৭৯৩৪৪
মানিকগঞ্জ, গিয়র, গিয়র শাখা, 1701,  ০১৯৩৮৮৭৯৩৪৫
মানিকগঞ্জ, হরিরামপুর, হরিরামপুর শাখা, 1702,  ০১৯৩৮৮৭৯৩৪৬
মানিকগঞ্জ, মানিকগঞ্জ সদর, মানিকগঞ্জ সদর শাখা, 1703,  ০১৯৩৮৮৭৯৩৪৭
মানিকগঞ্জ, সাতুরিয়া, সাতুরিয়া শাখা, 1704,  ০১৯৩৮৮৭৯৩৪৮
মানিকগঞ্জ, শিবলালয়, শিবলিয়া শাখা, 1705,  ০১৯৩৮৮৭৯৩৪৯
মানিকগঞ্জ, সিংয়ের, সিঙ্গাইর শাখা, 1706,  ০১৯৩৮৮৭৯৩৫০
মেহেরপুর, গঙ্গী, গঙ্গী শাখা, 5101,  ০১৯৩৮৮৭৯১৭১
মেহেরপুর, মেহেরপুর সদর, মেহেরপুর সদর শাখা, 5102,  ০১৯৩৮৮৭৯১৭২
মেহেরপুর, মুজিবনগর, মুজিবনগর শাখা, 5103,  ০১৯৩৮৮৭৯১৭৩
মৌলভীবাজার, বারলেখা, বারলেখা শাখা, 7101,  ০১৯৩৮৮৭৯৪৪৩
মৌলভীবাজার, জুড়ি, জুড়ি শাখা, 7102,  ০১৯৩৮৮৭৯৪৪৯
মৌলভীবাজার, কামালগঞ্জ, কামালগঞ্জ শাখা, 7103,  ০১৯৩৮৮৭৯৪৪৪
মৌলভীবাজার, কুলাউড়া, কুলাউড়া শাখা, 7104,  ০১৯৩৮৮৭৯৪৪৫
মৌলভীবাজার, মৌলভীবাজার সদর, মৌলভীবাজার সদর শাখা, 7105,  ০১৯৩৮৮৭৯৪৪৬
মৌলভীবাজার, রাজনাগর, রাজনগর শাখা, 7106,  ০১৯৩৮৮৭৯৪৪৭
মৌলভীবাজার, শ্রীমঙ্গল, শ্রীরামঙ্গল শাখা, 7107,  ০১৯৩৮৮৭৯৪৪৮
মুন্সীগঞ্জ, গজারিয়া, গজারিয়া শাখা, 1801,  ০১৯৩৮৮৭৯৩৭৭
মুন্সীগঞ্জ, লৌহজং, লৌহজং শাখা, 1802,  ০১৯৩৮৮৭৯৩৭৮
মুন্সীগঞ্জ, মুন্সীগঞ্জ সদর, মুন্সীগঞ্জ সদর শাখা, 1803,  ০১৯৩৮৮৭৯৩৭৯
মুন্সীগঞ্জ, সার্জদিখান, সার্জদখান শাখা, 1804,  ০১৯৩৮৮৭৯৩৮০
মুন্সীগঞ্জ, শ্রীনগর, শ্রীনগর শাখা, 1805,  ০১৯৩৮৮৭৯৩৮১
মুন্সিগঞ্জ, টাঙ্গাইবাড়ি, টাঙ্গাইবাড়ি শাখা, 1806,  ০১৯৩৮৮৭৯৩৮২
ময়মনসিংহ, ভালুক, ভাউলুকা শাখা, 1901,  ০১৯৩৮৮৭৯২৯০
ময়মনসিংহ, ধুবৌরা, ধুবৌরা শাখা, 1902,  ০১৯৩৮৮৭৯২৯১
ময়মনসিংহ, ফুলবাড়িয়া, ফুলবাড়িয়া শাখা, 1903,  ০১৯৩৮৮৭৯২৯২
ময়মনসিংহ, ফুলপুর, ফুলপুর শাখা, 1904,  ০১৯৩৮৮৭৯২৯৩
ময়মনসিংহ, গোফরগাঁও, গফরগাঁও শাখা, 1905,  ০১৯৩৮৮৭৯২৯৪
ময়মনসিংহ, গৌরীপুর, গৌরীপুর শাখা, 1906,  ০১৯৩৮৮৭৯২৯৫
ময়মনসিংহ, হালুয়াঘাট, হালুয়াঘাট শাখা, 1907,  ০১৯৩৮৮৭৯২৯৬
ময়মনসিংহ, ইশারগঞ্জ, ইশারগঞ্জ শাখা, 1908,  ০১৯৩৮৮৭৯২৯৭
ময়মনসিংহ, মুক্তগাছা, মুক্তাগাছা শাখা, 1909,  ০১৯৩৮৮৭৯২৯৯
ময়মনসিংহ, ময়মনসিংহ সদর, ময়মনসিংহ সদর শাখা, 1910,  ০১৯৩৮৮৭৯২৯৮
ময়মনসিংহ, নন্দাইল, নন্দাইল শাখা, 1911,  ০১৯৩৮৮৭৯৩০০
ময়মনসিংহ, ত্রিশাল, ত্রিশাল শাখা, 1912,  ০১৯৩৮৮৭৯৩০১
নওগাঁ, আত্রাই, আত্রাই শাখা, 5701,  ০১৯৩৮৮৭৯১০৯
নওগাঁ, বাদলগচী, বাদলগচী শাখা, 5702,  ০১৯৩৮৮৭৯১১০
নওগাঁ, ধামইহরহাট, ধমহিরহাট শাখা, 5703,  ০১৯৩৮৮৭৯১১১
নওগাঁ, মহাদেবপুর, মহাদেবপুর শাখা, 5704,  ০১৯৩৮৮৭৯১১৩
নওগাঁ, মন্দা, মন্দা শাখা, 5705,  ০১৯৩৮৮৭৯১১২
নওগাঁ, নওগাঁ সদর, নওগাঁ সদর শাখা, 5706,  ০১৯৩৮৮৭৯১১৪
নওগাঁ, নিয়ামতপুর, নিয়াটপুরপুর শাখা, 5707,  ০১৯৩৮৮৭৯১১৫
নওগাঁ, পাটনিটাল, পাটনিতলা শাখা, 5708,  ০১৯৩৮৮৭৯১১৬
নওগাঁ, পোর্শ, পোর্শ শাখা, 5709,  ০১৯৩৮৮৭৯১১৭
নওগাঁ, রণীনগর, রণীনগর শাখা, 5710,  ০১৯৩৮৮৭৯১১৮
নওগাঁ, শাপহার, শাপহার শাখা, 5711,  ০১৯৩৮৮৭৯১১৯
নড়াইল, কালিয়া, কালিয়া শাখা, 5201,  ০১৯৩৮৮৭৯১৯২
নড়াইল, লোহাগড়া, লোহাগড়া শাখা, 5202,  ০১৯৩৮৮৭৯১৯৩
নড়াইল, নড়াইল সদর, নড়াইল সদর শাখা, 5203,  ০১৯৩৮৮৭৯১৯৪
নারায়ণগঞ্জ, আরিহাজার, আরিহাজার শাখা, 2001,  ০১৯৩৮৮৭৯৩৭১
নারায়ণগঞ্জ, বন্দর, বন্দর শাখা, 2002,  ০১৯৩৮৮৭৯৩৭২
নারায়ণগঞ্জ, নারায়ণগঞ্জ সদর, নারায়ণগঞ্জ সদর শাখা, 2003,  ০১৯৩৮৮৭৯৩৭৩
নারায়ণগঞ্জ, রূপগঞ্জ, রূপগঞ্জ শাখা, 2004,  ০১৯৩৮৮৭৯৩৭৪
নারায়ণগঞ্জ, সোনারগাঁও, সোনারগাঁও শাখা, 2005,  ০১৯৩৮৮৭৯৩৭৫
নাটোর, বাগতিপাড়া, বাগতিপাড়া শাখা, 5801,  ০১৯৩৮৮৭৯১২১
নাটোর, বরিগ্রাম, বরাইগ্রাম শাখা, 5802,  ০১৯৩৮৮৭৯১২২
নাটোর, গুরুদাসপুর, গুরুদাসপুর শাখা, 5803,  ০১৯৩৮৮৭৯১২৩
নাটোর, লালপুর, লালপুর শাখা, 5804,  ০১৯৩৮৮৭৯১২৪
নাটোর, নাটোর সদর, নাটোর সদর শাখা, 5805,  ০১৯৩৮৮৭৯১২৫
নাটোর, সিংড়া, সিংড়া শাখা, 5806,  ০১৯৩৮৮৭৯১২৬
নেত্রকোনা, আটপাড়া, আটপাড়া শাখা, 2101,  ০১৯৩৮৮৭৯২৭৯
নেত্রকোনা, বারহাট, বারহাটা শাখা, 2102,  ০১৯৩৮৮৭৯২৮০
নেত্রকোনা, দুর্গাপুর, দুর্গাপুর শাখা, 2110,  ০১৯৩৮৮৭৯২৮১
নেত্রকোনা, কলমাকান্দা, কলমাকান্ডা শাখা, 2103,  ০১৯৩৮৮৭৯২৮২
নেত্রকোনা, কেন্দুয়া, কেন্দুয়া শাখা, 2104,  ০১৯৩৮৮৭৯২৮৩
নেত্রকোনা, খালিয়াজুরি, খালিয়াজুরি শাখা, 2105,  ০১৯৩৮৮৭৯২৮৪
নেত্রকোনা, মাদান, মাদান শাখা, 2106,  ০১৯৩৮৮৭৯২৮৫
নেত্রকোনা, মহাজনগঞ্জ, মহাজনগঞ্জ শাখা, 2107,  ০১৯৩৮৮৭৯২৮৬
নেত্রকোনা, নেত্রকোনা সদর, নেত্রকোনা সদর শাখা, 2108,  ০১৯৩৮৮৭৯২৮৭
নেত্রকোনা, পূর্বাধা, পূর্বাধা শাখা, 2109,  ০১৯৩৮৮৭৯২৮৮
নীলফামারী, ডিমলা, ডিমলা শাখা, 6601,  ০১৯৩৮৮৭৯০৫০
নীলফামারী, ডোমার, ডোমার শাখা, 6602,  ০১৯৩৮৮৭৯০৫১
নীলফামারী, জলঢাকা, জলঢাকা শাখা, 6603,  ০১৯৩৮৮৭৯০৫২
নীলফামারী, কিশোরগঞ্জ, কিশোরগঞ্জ শাখা, 6604,  ০১৯৩৮৮৭৯০৫৩
নীলফামারী, নীলফামারী সদর, নীলফামারী সদর শাখা, 6605,  ০১৯৩৮৮৭৯০৫৪
নীলফামারী, সাইদপুর, সাইদপুর শাখা, 6606,  ০১৯৩৮৮৭৯০৫৫
নোয়াখালী, বেগমগঞ্জ, বেগমগঞ্জ শাখা, 4201,  ০১৯৩৮৮৭৯৫০২
নোয়াখালী, চট্টখিল, ছাতখিল শাখা, 4202,  ০১৯৩৮৮৭৯৫০৩
নোয়াখালী, কম্পানিগঞ্জ, কম্পানিগঞ্জ শাখা, 4203,  ০১৯৩৮৮৭৯৫০৪
নোয়াখালী, হাতিয়া, হাতিয়া শাখা, 4204,  ০১৯৩৮৮৭৯৫০৫
নোয়াখালী, কবির হাট, কবির হাট শাখা, 4205,  ০১৯৩৮৮৭৯৫১০
নোয়াখালী, নোয়াখালী সদর, নোয়াখালী সদর শাখা, 4206,  ০১৯৩৮৮৭৯৫০৬
নোয়াখালী, সেনবাগ, সেনবাগ শাখা, 4207,  ০১৯৩৮৮৭৯৫০৭
নোয়াখালী, সোনাইমুড়ি, সোনাইমুড়ি শাখা, 4208,  ০১৯৩৮৮৭৯৫০৮
নোয়াখালী, সুবর্ণচর, সুবর্ণচর শাখা, 4209,  ০১৯৩৮৮৭৯৫০৯
নরসিংদী, বেলাবো, বেলবো শাখা, 2201,  ০১৯৩৮৮৭৯৩৬৪
নরসিংদী, মনোহরদী, মনোহরদি শাখা, 2202,  ০১৯৩৮৮৭৯৩৬৫
নরসিংদী, নরসিংদী সদর, নরসিংদী সদর শাখা, 2203,  ০১৯৩৮৮৭৯৩৬৬
নরসিংদী, পলাশ, পলাশ শাখা, 2204,  ০১৯৩৮৮৭৯৩৬৭
নরসিংদী, রায়পুরা, রায়পুরা শাখা, 2205,  ০১৯৩৮৮৭৯৩৬৮
নরসিংদী, শিবপুর, শিবপুর শাখা, 2206,  ০১৯৩৮৮৭৯৩৬৯
পাবনা, আঘঘরিয়া, আঘঘরিয়া শাখা, 5901,  ০১৯৩৮৮৭৯১৫৪
পাবনা, বেরা, বেরা শাখা, 5902,  ০১৯৩৮৮৭৯১৫৫
পাবনা, ভঙ্গুর, ভঙ্গুর শাখা, 5903,  ০১৯৩৮৮৭৯১৫৬
পাবনা, ছাতমোহর, ছাতমোহর শাখা, 5904,  ০১৯৩৮৮৭৯১৫৭
পাবনা, ফরিদপুর, ফরিদপুর শাখা, 5905,  ০১৯৩৮৮৭৯১৫৮
পাবনা, ইশারদী, ইশারদী শাখা, 5906,  ০১৯৩৮৮৭৯১৫৯
পাবনা, পাবনা সদর, পাবনা সদর শাখা, 5907,  ০১৯৩৮৮৭৯১৬০
পাবনা, সান্তিয়া, সান্তিয়া শাখা, 5908,  ০১৯৩৮৮৭৯১৬১
পাবনা, সুজনগর, সুজনগর শাখা, 5909,  ০১৯৩৮৮৭৯১৬২
পঞ্চগড়, আটয়ারি, আতাওয়ারী শাখা, 6701,  ০১৯৩৮৮৭৯০২৬
পঞ্চগড়, বোডা, বোডা শাখা, 6702,  ০১৯৩৮৮৭৯০২৭
পঞ্চগড়, দেবীগঞ্জ, দেবীগঞ্জ শাখা, 6703,  ০১৯৩৮৮৭৯০২৮
পঞ্চগড়, পঞ্চগড় সদর, পঞ্চগড় সদর শাখা, 6704,  ০১৯৩৮৮৭৯০২৫
পঞ্চগড়, তেতুলিয়া, তেতুলিয়া শাখা, 6705,  ০১৯৩৮৮৭৯০২৪
পটুয়াখালী, বাউফল, বাফাল শাখা, 3101,  ০১৯৩৮৮৭৯২৬৫
পটুয়াখালী, দাসমিনা, দাসমিনা শাখা, 3102,  ০১৯৩৮৮৭৯২৬৬
পটুয়াখালী, Dumki, Dumki শাখা, 3103,  ০১৯৩৮৮৭৯২৬৭
পটুয়াখালী, গলাচিপ, গলাচিপ শাখা, 3104,  ০১৯৩৮৮৭৯২৬৮
পটুয়াখালী, কালাপাড়া, কালাপাড়া শাখা, 3105,  ০১৯৩৮৮৭৯২৬৯
পটুয়াখালী, মিরসরগঞ্জ, মিরসরগঞ্জ শাখা, 3106,  ০১৯৩৮৮৭৯২৭০
পটুয়াখালী, পটুয়াখালী সদর, পটুয়াখালী সদর শাখা, 3107,  ০১৯৩৮৮৭৯২৭১
পটুয়াখালী, রাঙ্গাবালী, রাঙ্গাবালী শাখা, 3108,  ০১৯৩৮৮৭৯৫৭৯
পারোজপুর, ভান্ডারিয়া, ভান্ডারিয়া শাখা, 3201,  ০১৯৩৮৮৭৯২৩৩
পারোজপুর, কাউখালী, কাউখালী শাখা, 3202,  ০১৯৩৮৮৭৯২৩৪
পেরোজপুর, মথবাড়িয়া, মথবাড়িয়া শাখা, 3203,  ০১৯৩৮৮৭৯২৩৫
পেরোজপুর, নাজিরপুর, নাজিরপুর শাখা, 3204,  ০১৯৩৮৮৭৯২৩৭
পেরোজপুর, নেসরাবাদ (শওভারকাঠি), নেসারবাবাদ (শওভারকাঠি) শাখা, 3205,  ০১৯৩৮৮৭৯২৩৬
পারোজপুর, পারোজপুর সদর, পারোজপুর সদর শাখা, 3206,  ০১৯৩৮৮৭৯২৩৮
পেরোজপুর, জিয়া নগর (ইন্দুরকানি), জিয়া নগর (ইন্দরকানি) শাখা, 3207,  ০১৯৩৮৮৭৯২৩৯
রাজবাড়ী, বালিয়াকান্দি, বালিয়াকান্দি শাখা, 2301,  ০১৯৩৮৮৭৯৩৯৪
রাজবাড়ী, গোয়ালুন্ডা, গোয়ালুন্ডা শাখা, 2302,  ০১৯৩৮৮৭৯৩৯৫
রাজবাড়ী, কালুখলে, কালুখলে শাখা, 2303,  ০১৯৩৮৮৭৯৩৯৮
রাজবাড়ী, পাংশা, পাংশা শাখা, 2304,  ০১৯৩৮৮৭৯৩৯৬
রাজবাড়ী, রাজবাড়ী সদর, রাজবাড়ী সদর শাখা, 2305,  ০১৯৩৮৮৭৯৩৯৭
রাজশাহী, বাঘা, বাঘা শাখা, 6001,  ০১৯৩৮৮৭৯১৩৪
রাজশাহী, বাগমার, বাগমার শাখা, 6002,  ০১৯৩৮৮৭৯১৩৫
রাজশাহী, চারঘাট, চারঘাট শাখা, 6003,  ০১৯৩৮৮৭৯১৩৬
রাজশাহী, দুর্গাপুর, দুর্গাপুর শাখা, 6004,  ০১৯৩৮৮৭৯১৩৭
রাজশাহী, গোদাগাড়ী, গোদাগাড়ী শাখা, 6005,  ০১৯৩৮৮৭৯১৩৮
রাজশাহী, মোহনপুর, মোহনপুর শাখা, 6006,  ০১৯৩৮৮৭৯১৩৯
রাজশাহী, পাবা, পাবা শাখা, 6007,  ০১৯৩৮৮৭৯১৪০
রাজশাহী, পুতিয়া, পুতিয়া শাখা, 6008,  ০১৯৩৮৮৭৯১৪১
রাজশাহী, তানোর, তানোর শাখা, 6009,  ০১৯৩৮৮৭৯১৪২
রাঙ্গামাটি, বাঘাইছড়ি, বাঘাইছড়ি শাখা, 4301,  ০১৯৩৮৮৭৯৫৫২
রাঙ্গামাটি, বরকল, বারকাল শাখা, 4302,  ০১৯৩৮৮৭৯৫৫৩
রাঙ্গামাটি, কাপ্তাই, কাপ্তাই শাখা, 4305,  ০১৯৩৮৮৭৯৫৫৬
রাঙ্গামাটি, কাভখালী, কাভখালী শাখা, 4306,  ০১৯৩৮৮৭৯৫৫৭
রাঙ্গামাটি, লাঙ্গু, লাঙ্গু শাখা, 4307,  ০১৯৩৮৮৭৯৫৫৮
রাঙ্গামাটি, নানীচর, নানানচর শাখা, 4308,  ০১৯৩৮৮৭৯৫৫৯
রাঙ্গামাটি, জুরাছড়ি, জুরাসারি শাখা, 4304,  ০১৯৩৮৮৭৯৫৫৫
রাঙ্গামাটি, রাজস্থলী, রাজস্থলী শাখা, 4309,  ০১৯৩৮৮৭৯৫৬০
রাঙ্গামাটি, রাঙ্গামাটি সদর, রাঙ্গামাটি সদর শাখা, 4310,  ০১৯৩৮৮৭৯৫৬১
রাঙ্গামাটি, বেলাইছড়ি, বেলাইছড়ি শাখা, 4303,  ০১৫৫৭৬৬১৮০৬
রংপুর, বদরগঞ্জ, বদরগঞ্জ শাখা, 6801,  ০১৯৩৮৮৭৯০৬৩
রংপুর, গঙ্গাছড়া, গঙ্গাছড়া শাখা, 6802,  ০১৯৩৮৮৭৯০৬৪
রংপুর, কাউনিয়া, কাউনিয়া শাখা, 6803,  ০১৯৩৮৮৭৯০৬৫
রংপুর, মিঠাপুকুর, মিঠাপুকুর শাখা, 6804,  ০১৯৩৮৮৭৯০৬৬
রংপুর, পিরগাছা, পীরগাছা শাখা, 6805,  ০১৯৩৮৮৭৯০৬৭
রংপুর, পীরগঞ্জ, পীরগঞ্জ শাখা, 6806,  ০১৯৩৮৮৭৯০৬৮
রংপুর, রংপুর সদর, রংপুর সদর শাখা, 6807,  ০১৯৩৮৮৭৯০৬৯
রংপুর, তরঙ্গগঞ্জ, তাড়ানগঞ্জ শাখা, 6808,  ০১৯৩৮৮৭৯০৭০
সাতক্ষীরা, আসসুনি, আসাসুনি শাখা, 5301,  ০১৯৩৮৮৭৯২০৫
সাতক্ষীরা, দেবহাতা, দেভাটা শাখা, 5302,  ০১৯৩৮৮৭৯২০৬
সাতক্ষীরা, কালীগঞ্জ, কালীগঞ্জ শাখা, 5307,  ০১৯৩৮৮৭৯২০৭
সাতক্ষীরা, কোলারোয়া, কোলারোয়া শাখা, 5303,  ০১৯৩৮৮৭৯২০৮
সাতক্ষীরা, সাতক্ষীরা সদর, সাতক্ষীরা সদর শাখা, 5304,  ০১৯৩৮৮৭৯২০৯
সাতক্ষীরা, শ্যামনগর, শ্যামনগর শাখা, 5305,  ০১৯৩৮৮৭৯২১০
সাতক্ষীরা, তালা, তালা শাখা, 5306,  ০১৯৩৮৮৭৯২১১
শরীয়তপুর, ভেদগাঁও, ভেদগঞ্জগঞ্জ শাখা, 2401,  ০১৯৩৮৮৭৯৪১১
শরিয়তপুর, দামুদিয়া, দামুদিয়া শাখা, 2402,  ০১৯৩৮৮৭৯৪১২
শরিয়তপুর, গোসাইরহাট, গোসাইরহাট শাখা, 2403,  ০১৯৩৮৮৭৯৪১৩
শরিয়তপুর, নারিয়া, নারায়ণ শাখা, 2404,  ০১৯৩৮৮৭৯৪১৫
শরিয়তপুর, শরিয়তপুর সদর, শরীয়তপুর সদর শাখা, 2405,  ০১৯৩৮৮৭৯৪১৬
শরিয়তপুর, জাজিরা, জাজিরা শাখা, 2406,  ০১৯৩৮৮৭৯৪১৪
শেরপুর, ঝিনাইগতি, ঝিনাইগাতী শাখা, 2501,  ০১৯৩৮৮৭৯৩০৩
শেরপুর, নকলা, নকলা শাখা, 2502,  ০১৯৩৮৮৭৯৩০৪
শেরপুর, নালিতাবাড়ি, নালিতাবাড়ি শাখা, 2503,  ০১৯৩৮৮৭৯৩০৫
শেরপুর, শেরপুর সদর, শেরপুর সদর শাখা, 2504,  ০১৯৩৮৮৭৯৩০৬
শেরপুর, শ্রীবর্দি, স্রবর্ডি শাখা, 2505,  ০১৯৩৮৮৭৯৩০৭
সিরাজগঞ্জ, বেলকুচি, বেলকুচি শাখা, 6101,  ০১৯৩৮৮৭৯১৪৪
সিরাজগঞ্জ, চৌহালী, চৌহালী শাখা, 6102,  ০১৯৩৮৮৭৯১৪৫
সিরাজগঞ্জ, কামারখন্দ, কামারখন্দ শাখা, 6103,  ০১৯৩৮৮৭৯১৪৬
সিরাজগঞ্জ, কাজীপুর, কাজীপুর শাখা, 6104,  ০১৯৩৮৮৭৯১৪৭
সিরাজগঞ্জ, রায়গঞ্জ, রায়গঞ্জ শাখা, 6105,  ০১৯৩৮৮৭৯১৪৮
সিরাজগঞ্জ, সারাজগঞ্জ সদর, সরাজগঞ্জ সদর শাখা, 6106,  ০১৯৩৮৮৭৯১৫০
সিরাজগঞ্জ, শাহজাদপুর, শাহজাদপুর শাখা, 6107,  ০১৯৩৮৮৭৯১৪৯
সিরাজগঞ্জ, তারশ, তারশ শাখা, 6108,  ০১৯৩৮৮৭৯১৫১
সিরাজগঞ্জ, উলাপাড়া, উলাপাড়া শাখা, 6109,  ০১৯৩৮৮৭৯১৫২
সুনামগঞ্জ, বিশ্বম্ভম্ভপুর, বিশ্বম্ভরপুর শাখা, 7201,  ০১৯৩৮৮৭৯৪১৮
সুনামগঞ্জ, ছাতক, ছাতক শাখা, 7202,  ০১৯৩৮৮৭৯৪১৯
সুনামগঞ্জ, দেরাই, দেরাই শাখা, 7203,  ০১৯৩৮৮৭৯৪২০
সুনামগঞ্জ, ধর্মপশা, ধর্মপশা শাখা, 7204,  ০১৯৩৮৮৭৯৪২১
সুনামগঞ্জ, দোয়ারবাজার, দোয়ারবাজার শাখা, 7205,  ০১৯৩৮৮৭৯৪২২
সুনামগঞ্জ, জগন্নাথপুর, জগন্নাথপুর শাখা, 7206,  ০১৯৩৮৮৭৯৪২৩
সুনামগঞ্জ, জামালগঞ্জ, জামালগঞ্জ শাখা, 7207,  ০১৯৩৮৮৭৯৪২৪
সুনামগঞ্জ, দক্ষিণ সুনামগঞ্জ, দক্ষিণ সুনামগঞ্জ শাখা, 7208,  ০১৯৩৮৮৭৯৪২৮
সুনামগঞ্জ, সুলা, সুলা শাখা, 7209,  ০১৯৩৮৮৭৯৪২৫
সুনামগঞ্জ, সুনামগঞ্জ সদর, সুনামগঞ্জ সদর শাখা, 7210,  ০১৯৩৮৮৭৯৪২৬
সুনামগঞ্জ, তাহেরপুর, তাহেরপুর শাখা, 7211,  ০১৯৩৮৮৭৯৪২৭
সিলেট, বালাগঞ্জ, বালাগঞ্জ শাখা, 7301,  ০১৯৩৮৮৭৯৪৩০
সিলেট, বেনীবাজার, বীনবাজার শাখা, 7302,  ০১৯৩৮৮৭৯৪৩১
সিলেট, বিশ্বনাথ, বিশ্বনাথ শাখা, 7303,  ০১৯৩৮৮৭৯৪৩২
সিলেট, কোম্পানিগঞ্জ, কোম্পানিগঞ্জ শাখা, 7304,  ০১৯৩৮৮৭৯৪৩৩
সিলেট, ফেনচুগঞ্জ, ফেনচুগঞ্জ শাখা, 7305,  ০১৯৩৮৮৭৯৪৩৪
সিলেট, গোলাপগঞ্জ, গোলাপগঞ্জ শাখা, 7306,  ০১৯৩৮৮৭৯৪৩৬
সিলেট, গোয়াইনঘাট, গোয়িংহাট শাখা, 7307,  ০১৯৩৮৮৭৯৪৩৫
সিলেট, জৈন্তাপুর, জৈন্তাপুর শাখা, 7308,  ০১৯৩৮৮৭৯৪৩৭
সিলেট, কানাঘাট, কানীঘাট শাখা, 7309,  ০১৯৩৮৮৭৯৪৩৯
সিলেট, দক্ষিণ সুরমা, দক্ষিণ সুরমা শাখা, 7310,  ০১৯৩৮৮৭৯৪৪১
সিলেট, সিলেট সদর, সিলেট সদর শাখা, 7311,  ০১৯৩৮৮৭৯৪৪০
সিলেট, জাকিগঞ্জ, জকিগঞ্জ শাখা, 7312,  ০১৯৩৮৮৭৯৪৩৮
টাঙ্গাইল, বাশাইল, বাশাইল শাখা, 2601,  ০১৯৩৮৮৭৯৩১৭
টাঙ্গাইল, ভুয়াপুর, ভুয়াপুর শাখা, 2602,  ০১৯৩৮৮৭৯৩১৮
টাঙ্গাইল, ডেলদুয়ার, ডেলদুয়ার শাখা, 2603,  ০১৯৩৮৮৭৯৩১৯
টাঙ্গাইল, ধানবাড়ি, ধানবাড়ি শাখা, 2604,  ০১৯৩৮৮৭৯৩২৮
টাঙ্গাইল, ঘাটাইল, ঘাটাইল শাখা, 2605,  ০১৯৩৮৮৭৯৩২০
টাঙ্গাইল, গোপালপুর, গোপালপুর শাখা, 2606,  ০১৯৩৮৮৭৯৩২১
টাঙ্গাইল, কালিহতী, কালিহতী শাখা, 2607,  ০১৯৩৮৮৭৯৩২২
টাঙ্গাইল, মির্জাপুর, মির্জাপুর শাখা, 2608,  ০১৯৩৮৮৭৯৩২৩
টাঙ্গাইল, মধুপুর, মধুপুর শাখা, 2609,  ০১৯৩৮৮৭৯৩২৪
টাঙ্গাইল, নগরপুর, নগরপুর শাখা, 2610,  ০১৯৩৮৮৭৯৩২৫
টাঙ্গাইল, শাকিপুর, শাকীপুর শাখা, 2611,  ০১৯৩৮৮৭৯৩২৬
টাঙ্গাইল, টাঙ্গাইল সদর, টাঙ্গাইল সদর শাখা, 2612,  ০১৯৩৮৮৭৯৩২৭
ঠাকুরগাঁও, বালিদঙ্গী, বালিদঙ্গী শাখা, 6901,  ০১৯৩৮৮৭৯০৩০
ঠাকুরগাঁও, হরিপুর, হরিপুর শাখা, 6902,  ০১৯৩৮৮৭৯০৩১
ঠাকুরগাঁও, পিরগঞ্জ, পীরগঞ্জ শাখা, 6903,  ০১৯৩৮৮৭৯০৩২
ঠাকুরগাঁও, রনিশশঙ্কাইল, রনিশশঙ্কাইল শাখা, 6904,  ০১৯৩৮৮৭৯০৩৩
ঠাকুরগাঁও, ঠাকুরগাঁও সদর, ঠাকুরগাঁও সদর শাখা, 6905,  ০১৯৩৮৮৭৯০৩৪
